{"cameraMode":{"drawMode":0,"name":"Shaded","section":"Shading Mode"},"sceneLighting":false,"audioPlay":false,"sceneViewState":{"showFog":true,"showMaterialUpdate":false,"showSkybox":false,"showFlares":true,"showImageEffects":true,"showParticleSystems":true},"in2DMode":false,"pivot":{"x":5.445501804351807,"y":5.429004669189453,"z":8.731244087219239},"rotation":{"x":0.08742186427116394,"y":0.8881530165672302,"z":-0.18958479166030885,"w":0.4094802737236023},"size":0.6573986411094666,"orthographic":false}