{"cameraMode":{"drawMode":0,"name":"Shaded","section":"Shading Mode"},"sceneLighting":true,"audioPlay":false,"sceneViewState":{"showFog":true,"showMaterialUpdate":false,"showSkybox":true,"showFlares":true,"showImageEffects":true,"showParticleSystems":true},"in2DMode":false,"pivot":{"x":24.96837043762207,"y":-113.63433074951172,"z":52.12117004394531},"rotation":{"x":-0.501986563205719,"y":-0.018320679664611818,"z":0.010819773189723492,"w":-0.8648423552513123},"size":140.96600341796876,"orthographic":false}