{"cameraMode":{"drawMode":0,"name":"Shaded","section":"Shading Mode"},"sceneLighting":true,"audioPlay":false,"sceneViewState":{"showFog":true,"showMaterialUpdate":false,"showSkybox":true,"showFlares":true,"showImageEffects":true,"showParticleSystems":true},"in2DMode":false,"pivot":{"x":79.661865234375,"y":-41.262474060058597,"z":-140.0416717529297},"rotation":{"x":0.0200664009898901,"y":0.9763748049736023,"z":-0.1880619078874588,"w":0.107504703104496},"size":130.77676391601563,"orthographic":false}