{"cameraMode":{"drawMode":0,"name":"Shaded","section":"Shading Mode"},"sceneLighting":true,"audioPlay":false,"sceneViewState":{"showFog":true,"showMaterialUpdate":false,"showSkybox":true,"showFlares":true,"showImageEffects":true,"showParticleSystems":true},"in2DMode":false,"pivot":{"x":44.13491439819336,"y":6.04844331741333,"z":-10.304718017578125},"rotation":{"x":0.34031298756599429,"y":-0.07613923400640488,"z":0.027618760243058206,"w":0.9371899366378784},"size":3.120814800262451,"orthographic":false}