{"cameraMode":{"drawMode":0,"name":"Shaded","section":"Shading Mode"},"sceneLighting":true,"audioPlay":false,"sceneViewState":{"showFog":true,"showMaterialUpdate":false,"showSkybox":true,"showFlares":true,"showImageEffects":true,"showParticleSystems":true},"in2DMode":false,"pivot":{"x":2.3765347003936769,"y":3.6152398586273195,"z":7.728455066680908},"rotation":{"x":-0.09364672750234604,"y":0.8077212572097778,"z":-0.13351061940193177,"w":-0.5665765404701233},"size":7.524868011474609,"orthographic":false}