{"cameraMode":{"drawMode":0,"name":"Shaded","section":"Shading Mode"},"sceneLighting":true,"audioPlay":false,"sceneViewState":{"showFog":true,"showMaterialUpdate":false,"showSkybox":true,"showFlares":true,"showImageEffects":true,"showParticleSystems":true},"in2DMode":false,"pivot":{"x":92.41227722167969,"y":-49.39847183227539,"z":63.27340316772461},"rotation":{"x":0.6146454215049744,"y":0.25723588466644289,"z":-0.2230883091688156,"w":0.7118286490440369},"size":4.70672607421875,"orthographic":false}