{"cameraMode":{"drawMode":0,"name":"Shaded","section":"Shading Mode"},"sceneLighting":true,"audioPlay":false,"sceneViewState":{"showFog":true,"showMaterialUpdate":false,"showSkybox":true,"showFlares":true,"showImageEffects":true,"showParticleSystems":true},"in2DMode":false,"pivot":{"x":38.585575103759769,"y":4.9989776611328129,"z":-38.5300178527832},"rotation":{"x":-0.031296178698539737,"y":-0.7594663500785828,"z":-0.03714990243315697,"w":0.6489631533622742},"size":4.980124473571777,"orthographic":false}