{"cameraMode":{"drawMode":0,"name":"Shaded","section":"Shading Mode"},"sceneLighting":true,"audioPlay":false,"sceneViewState":{"showFog":true,"showMaterialUpdate":false,"showSkybox":true,"showFlares":true,"showImageEffects":true,"showParticleSystems":true},"in2DMode":false,"pivot":{"x":204.49945068359376,"y":33.39149856567383,"z":-94.8805923461914},"rotation":{"x":-0.287615031003952,"y":0.2999366819858551,"z":-0.09463391453027725,"w":-0.9049727916717529},"size":4.70672607421875,"orthographic":false}