{"cameraMode":{"drawMode":0,"name":"Shaded","section":"Shading Mode"},"sceneLighting":true,"audioPlay":false,"sceneViewState":{"showFog":true,"showMaterialUpdate":false,"showSkybox":true,"showFlares":true,"showImageEffects":true,"showParticleSystems":true},"in2DMode":false,"pivot":{"x":60.12662124633789,"y":9.359942436218262,"z":-44.32489013671875},"rotation":{"x":0.18961456418037415,"y":-0.292665958404541,"z":0.058903392404317859,"w":0.9357336163520813},"size":3.120814800262451,"orthographic":false}