{"cameraMode":{"drawMode":0,"name":"Shaded","section":"Shading Mode"},"sceneLighting":true,"audioPlay":false,"sceneViewState":{"showFog":true,"showMaterialUpdate":false,"showSkybox":true,"showFlares":true,"showImageEffects":true,"showParticleSystems":true},"in2DMode":false,"pivot":{"x":9.89160442352295,"y":5.394845008850098,"z":-2.424374580383301},"rotation":{"x":-0.19835719466209413,"y":0.6776095628738403,"z":-0.19764955341815949,"w":-0.6800519824028015},"size":18.147830963134767,"orthographic":false}