{"cameraMode":{"drawMode":0,"name":"Shaded","section":"Shading Mode"},"sceneLighting":false,"audioPlay":false,"sceneViewState":{"showFog":true,"showMaterialUpdate":false,"showSkybox":false,"showFlares":true,"showImageEffects":true,"showParticleSystems":true},"in2DMode":false,"pivot":{"x":42.209510803222659,"y":6.7452168464660648,"z":-9.72060489654541},"rotation":{"x":0.1266961693763733,"y":0.0526186041533947,"z":-0.006964471191167831,"w":0.9906473159790039},"size":2.8578836917877199,"orthographic":false}