{"cameraMode":{"drawMode":0,"name":"Shaded","section":"Shading Mode"},"sceneLighting":true,"audioPlay":false,"sceneViewState":{"showFog":true,"showMaterialUpdate":false,"showSkybox":true,"showFlares":true,"showImageEffects":true,"showParticleSystems":true},"in2DMode":false,"pivot":{"x":40.24257278442383,"y":4.418424606323242,"z":-13.412129402160645},"rotation":{"x":0.055740464478731158,"y":0.03892311453819275,"z":-0.0021690356079488994,"w":0.9976950883865356},"size":0.5353677868843079,"orthographic":false}