{"cameraMode":{"drawMode":0,"name":"Shaded","section":"Shading Mode"},"sceneLighting":true,"audioPlay":false,"sceneViewState":{"showFog":true,"showMaterialUpdate":false,"showSkybox":true,"showFlares":true,"showImageEffects":true,"showParticleSystems":true},"in2DMode":false,"pivot":{"x":37.46713638305664,"y":-6.054439544677734,"z":9.379260063171387},"rotation":{"x":0.2976819574832916,"y":-0.2194634974002838,"z":0.07024131715297699,"w":0.9265246391296387},"size":25.60661506652832,"orthographic":false}