{"cameraMode":{"drawMode":0,"name":"Shaded","section":"Shading Mode"},"sceneLighting":false,"audioPlay":false,"sceneViewState":{"showFog":true,"showMaterialUpdate":false,"showSkybox":false,"showFlares":true,"showImageEffects":true,"showParticleSystems":true},"in2DMode":false,"pivot":{"x":-3.2649989128112795,"y":0.21250005066394807,"z":-1.699999451637268},"rotation":{"x":-0.18723468482494355,"y":0.7144711017608643,"z":-0.20862802863121034,"w":-0.6411816477775574},"size":14.580955505371094,"orthographic":false}