{"cameraMode":{"drawMode":0,"name":"Shaded","section":"Shading Mode"},"sceneLighting":true,"audioPlay":false,"sceneViewState":{"showFog":true,"showMaterialUpdate":false,"showSkybox":true,"showFlares":true,"showImageEffects":true,"showParticleSystems":true},"in2DMode":false,"pivot":{"x":56.257972717285159,"y":17.345834732055665,"z":-28.03835105895996},"rotation":{"x":-0.21554839611053468,"y":0.21736322343349458,"z":-0.049297578632831576,"w":-0.9509154558181763},"size":0.48012420535087588,"orthographic":false}