{"cameraMode":{"drawMode":0,"name":"Shaded","section":"Shading Mode"},"sceneLighting":true,"audioPlay":false,"sceneViewState":{"showFog":true,"showMaterialUpdate":false,"showSkybox":true,"showFlares":true,"showImageEffects":true,"showParticleSystems":true},"in2DMode":false,"pivot":{"x":-6.621475696563721,"y":5.0013628005981449,"z":0.8578993082046509},"rotation":{"x":0.20848222076892854,"y":-0.4388687014579773,"z":0.10544124990701676,"w":0.867713987827301},"size":22.0,"orthographic":false}