{"cameraMode":{"drawMode":0,"name":"Shaded","section":"Shading Mode"},"sceneLighting":true,"audioPlay":false,"sceneViewState":{"showFog":true,"showMaterialUpdate":false,"showSkybox":true,"showFlares":true,"showImageEffects":true,"showParticleSystems":true},"in2DMode":false,"pivot":{"x":29.534061431884767,"y":32.79103088378906,"z":-13.135855674743653},"rotation":{"x":-0.3565784990787506,"y":0.4392729103565216,"z":-0.19554105401039124,"w":-0.8010388612747192},"size":9.919246673583985,"orthographic":false}