{"cameraMode":{"drawMode":0,"name":"Shaded","section":"Shading Mode"},"sceneLighting":true,"audioPlay":false,"sceneViewState":{"showFog":true,"showMaterialUpdate":false,"showSkybox":true,"showFlares":true,"showImageEffects":true,"showParticleSystems":true},"in2DMode":false,"pivot":{"x":1.0078803300857545,"y":-0.26941001415252688,"z":9.715266227722168},"rotation":{"x":0.07144328951835633,"y":-0.7294726967811585,"z":0.0771050676703453,"w":0.6758937835693359},"size":12.261361122131348,"orthographic":false}